PRAGMA defer_foreign_keys=TRUE;
INSERT INTO brands VALUES(1,'Acer','Acer is a global leader in computing, communications, and electronics technology. The company is known for its high-quality laptops, monitors, and innovative gadgets designed to enhance productivity and entertainment.','/media/acer.png','acer');
INSERT INTO brands VALUES(2,'Hisense','Hisense specializes in cutting-edge electronics and home appliances. With a focus on smart TVs and refrigeration, Hisense offers products that combine modern aesthetics with advanced technology.','/media/hisense.png','hisense');
INSERT INTO brands VALUES(3,'LG','LG Electronics is a household name for innovation, providing a wide range of home appliances, electronics, and mobile solutions that enrich everyday life.','/media/lg.png','lg');
INSERT INTO brands VALUES(4,'MI','MI, by Xiaomi, is synonymous with smart technology, offering a comprehensive lineup of smartphones, smart home devices, and lifestyle products that deliver excellent value and quality.','/media/mi.png','mi');
INSERT INTO brands VALUES(5,'Panasonic','Panasonic is committed to creating a better life and a better world through its comprehensive product range, which includes home electronics, kitchen appliances, and industrial solutions.','/media/panasonic.png','panasonic');
INSERT INTO brands VALUES(6,'Philips','Philips is a global leader in health technology and consumer electronics. From lighting solutions to personal care products, Philips focuses on innovations that make life easier and healthier.','/media/philips.png','philips');
INSERT INTO brands VALUES(7,'Samsung','Samsung is a world-renowned brand known for its cutting-edge smartphones, televisions, and appliances. It strives to push the boundaries of innovation to create products that improve daily life.','/media/samsung.png','samsung');
INSERT INTO brands VALUES(8,'Sony','Sony Corporation is a leader in entertainment and technology, offering high-quality electronics, gaming consoles, and imaging products that cater to a global audience.','/media/sony.png','sony');
INSERT INTO brands VALUES(9,'Toshiba','Toshiba is dedicated to creating technologies and products that enhance daily living, with a focus on electronics, energy solutions, and digital products.','/media/toshiba.png','toshiba');
INSERT INTO businesses VALUES(1,'dealer','Divyansh Bhati','Acer Hub','https://maps.google.com/maps?q=31.7814258,76.9983784&hl=en&z=14&output=embed','123 Acer Street, New York, NY 10001','acer-hub','/media/person.png',NULL);
INSERT INTO businesses VALUES(2,'dealer','Akshat Srivastava','Hisense World','https://maps.google.com/maps?q=31.7814258,76.9983784&hl=en&z=14&output=embed','456 Hisense Avenue, Los Angeles, CA 90001','hisense-world','/media/person.png',NULL);
INSERT INTO businesses VALUES(3,'dealer','Om Prakash','LG Experience','https://maps.google.com/maps?q=31.7814258,76.9983784&hl=en&z=14&output=embed','789 LG Road, Chicago, IL 60601','lg-experience','/media/person.png',NULL);
INSERT INTO businesses VALUES(4,'dealer','Deep Singh','Samsung Galaxy','https://maps.google.com/maps?q=31.7814258,76.9983784&hl=en&z=14&output=embed','101 Samsung Blvd, Houston, TX 77001','samsung-galaxy','/media/person.png',NULL);
INSERT INTO businesses VALUES(5,'distributor','Aarav Jain','Jain Distributions Pvt Ltd','https://maps.google.com/maps?q=31.7814258,76.9983784&hl=en&z=14&output=embed','202 Sony Lane, Seattle, WA 98101','jain-distributions','/media/person.png',NULL);
INSERT INTO businesses VALUES(6,'distributor','Aditya Kumawat','Deluxe Distributors','google.com/maps?sca_esv=c0ca25e8fd581d08&rlz=1C1RXQR_enIN1092IN1092&uact=5&gs_lp=Egxnd3Mtd2l6LXNlcnAiJXNhbXN1bmcgaGVhZCBvZmZpY2UgaW5kaWEgZ2dvZ2xlIG1hcHMyBRAhGJ8FMgUQIRifBUjpHVDWAViDG3ADeAGQAQCYAYQCoAGRF6oBBTAuNi44uAEDyAEA-AEBmAIRoALBF8ICChAAGLADGNYEGEfCAg0QABiABBiwAxhDGIoFwgIFEAAYgATCAgsQABiABBiRAhiKBcICBxAAGKkGGB7CAgYQABgWGB7CAgUQIRigAcICBxAhGKABGArCAgQQIRgKwgIEECEYFZgDAIgGAZAGCpIHBTMuNS45oAe-R7IHBTAuNS45uAe5F8IHBjAuMTYuMcgHHQ&um=1&ie=UTF-8&fb=1&gl=in&sa=X&geocode=KVVVlQG2GA05Me7omA8r8IkP&daddr=20th+to+24th+Floor,+Two+Horizon+Centre,+Golf+Course+Rd,+DLF+Phase+5,+Sector+43,+Gurugram,+Haryana+122202','20th to 24th Floor, Two Horizon Centre, Golf Course Rd, DLF Phase 5, Sector 43, Gurugram, Haryana 122202','deluxe-distributors','/media/person.png',NULL);
INSERT INTO businesses VALUES(7,'dealer','Paras Kumar','Mobile Shopy','https://maps.google.com/maps?q=31.7814258,76.9983784&hl=en&z=14&output=embed','Mobile Shopy, 23, inside Udaipole, near Traffic Office, Jawahar Nagar, Ganga Gali, Udaipur, Rajasthan 313001','mobile-shopy','/media/person.png',NULL);
INSERT INTO businesses VALUES(8,'dealer','Swastik Sharma','Swastik Collection','https://maps.google.com/maps?q=31.7814258,76.9983784&hl=en&z=14&output=embed','Swastik Collection, 23, inside Udaipole, near Traffic Office, Jawahar Nagar, Ganga Gali, Udaipur, Rajasthan 313001','swastik-collection','/media/person.png',NULL);
INSERT INTO businesses VALUES(9,'distributor','Uday Pratap','Uday Distributors','https://maps.google.com/maps?q=31.7814258,76.9983784&hl=en&z=14&output=embed','101 Samsung Blvd, Houston, TX 77001','uday-distributors','/media/person.png',NULL);
INSERT INTO businesses VALUES(10,'dealer','Naman Devil','Sony World','https://maps.google.com/maps?q=31.7814258,76.9983784&hl=en&z=14&output=embed','202 Sony Lane, Seattle, WA 98101','sony-world','/media/person.png',NULL);
INSERT INTO businesses VALUES(11,'dealer','Saurav Kumar','PC Hub','https://maps.google.com/maps?q=31.7814258,76.9983784&hl=en&z=14&output=embed',' PC Hub, 23, inside Udaipole, near Traffic Office, Jawahar Nagar, Ganga Gali, Udaipur, Rajasthan 313001','pc-hub','/media/person.png',NULL);
INSERT INTO businesses VALUES(12,'dealer','Ravi Makhija','Phillips Soultions','https://maps.google.com/maps?q=31.7814258,76.9983784&hl=en&z=14&output=embed','402, 4th Floor, Worldmark, Sector 65, Gurugram, Haryana, 122018','phillips-solutions','/media/person.png',NULL);
INSERT INTO businesses VALUES(13,'dealer','Siddharth Shainesh','Camera World','https://maps.google.com/maps?q=31.7814258,76.9983784&hl=en&z=14&output=embed',' Camera World, 23, inside Udaipole, near Traffic Office, Jawahar Nagar, Ganga Gali, Udaipur, Rajasthan 313001','camera-world','/media/person.png',NULL);
INSERT INTO businesses VALUES(14,'dealer','Puneet Superstar','Game Zone','https://maps.google.com/maps?q=31.7814258,76.9983784&hl=en&z=14&output=embed','Game Zone, 23, inside Udaipole, near Traffic Office, Jawahar Nagar, Ganga Gali, Udaipur, Rajasthan 313001','game-zone','/media/person.png',NULL);
INSERT INTO businesses VALUES(15,'dealer','Ramesh Singh','Gada Electronics','https://maps.google.com/maps?q=31.7814258,76.9983784&hl=en&z=14&output=embed',' Gada Electronics, 23, inside Udaipole, near Traffic Office, Jawahar Nagar, Ganga Gali, Udaipur, Rajasthan 313001','gada-electronics','/media/person.png',NULL);
INSERT INTO businesses VALUES(16,'dealer','Eshaan Dhamija','Eshaan Electronics','https://maps.google.com/maps?q=31.7814258,76.9983784&hl=en&z=14&output=embed',' Eshaan Electronics, 23, inside Udaipole, near Traffic Office, Jawahar Nagar, Ganga Gali, Udaipur, Rajasthan 313001','eshaan-electronics','/media/person.png',NULL);
INSERT INTO businesses VALUES(17,'distriutor','Shivam Agarwal','Agarwal Distributors','https://maps.google.com/maps?q=31.7814258,76.9983784&hl=en&z=14&output=embed',' Agarwal Distrubutors, 23, inside Udaipole, near Traffic Office, Jawahar Nagar, Ganga Gali, Udaipur, Rajasthan 313001','agarwal-distributors','/media/person.png',NULL);
INSERT INTO businesses VALUES(18,'distributor','Soumil Gogna','Soumil Distribution','https://maps.google.com/maps?q=31.7814258,76.9983784&hl=en&z=14&output=embed','Soumil Distribution, 23, inside Udaipole, near Traffic Office, Jawahar Nagar, Ganga Gali, Udaipur, Rajasthan 313001','soumil-distribution','/media/person.png',NULL);
INSERT INTO businesses VALUES(19,'distributor','Rajat Dak','Dak & Sons Distribution','https://maps.google.com/maps?q=31.7814258,76.9983784&hl=en&z=14&output=embed','Dak & Sons Distrubution, 23, inside Udaipole, near Traffic Office, Jawahar Nagar, Ganga Gali, Udaipur, Rajasthan 313001','dak-&-sons-distribution','/media/person.png',NULL);
INSERT INTO businesses VALUES(20,'distributor','Aryan Jain','Lakecity Distrubtors','https://maps.google.com/maps?q=31.7814258,76.9983784&hl=en&z=14&output=embed','Lakecity Distributors, 23, inside Udaipole, near Traffic Office, Jawahar Nagar, Ganga Gali, Udaipur, Rajasthan 313001','lakecity-distributors','/media/person.png',NULL);
INSERT INTO products VALUES(1,'Laptop','A laptop is a compact and portable personal computer equipped with the latest technology, perfect for work, study, or entertainment on the go.','/media/laptop.png','laptop');
INSERT INTO products VALUES(2,'PC','A desktop PC is a powerful and customizable personal computer designed for high performance and reliability, ideal for gaming, productivity, and creative work.','/media/pc.png','pc');
INSERT INTO products VALUES(3,'TV','Televisions are the centerpiece of home entertainment systems, offering high-resolution screens, smart capabilities, and immersive viewing experiences.','/media/tv.png','tv');
INSERT INTO products VALUES(4,'Phone','Smartphones are versatile devices that integrate communication, photography, and computing features into a single portable package, essential for modern life.','/media/phone.png','phone');
INSERT INTO products VALUES(5,'Webcam','Webcams are compact cameras designed for video conferencing, streaming, and online communication, providing crisp video quality for professional and personal use.','/media/webcam.png','webcam');
INSERT INTO products VALUES(6,'PS5','The Sony PlayStation 5 is a cutting-edge gaming console offering unparalleled graphics, speed, and immersive gameplay experiences for gamers worldwide.','/media/ps5.png','ps5');
INSERT INTO products VALUES(7,'Headphone','Headphones deliver high-quality sound for music, movies, and gaming. Designed for comfort and durability, they enhance every listening experience.','/media/headphone.png','headphone');
CREATE TABLE IF NOT EXISTS "business_brand_product" (
	`id` integer PRIMARY KEY AUTOINCREMENT NOT NULL,
	`business_id` integer NOT NULL,
	`product_id` integer NOT NULL,
	`brand_id` integer NOT NULL,
	FOREIGN KEY (`business_id`) REFERENCES `businesses`(`id`) ON UPDATE cascade ON DELETE cascade,
	FOREIGN KEY (`product_id`) REFERENCES `products`(`id`) ON UPDATE cascade ON DELETE cascade,
	FOREIGN KEY (`brand_id`) REFERENCES `brands`(`id`) ON UPDATE cascade ON DELETE cascade
);
INSERT INTO business_brand_product VALUES(1,3,3,3);
INSERT INTO business_brand_product VALUES(2,6,3,3);
INSERT INTO business_brand_product VALUES(3,11,2,1);
INSERT INTO business_brand_product VALUES(4,11,2,4);
INSERT INTO business_brand_product VALUES(5,11,2,5);
INSERT INTO business_brand_product VALUES(6,11,2,7);
INSERT INTO business_brand_product VALUES(7,20,1,7);
INSERT INTO business_brand_product VALUES(8,20,2,7);
INSERT INTO business_brand_product VALUES(9,20,3,7);
INSERT INTO business_brand_product VALUES(10,20,4,7);
INSERT INTO business_brand_product VALUES(11,18,5,7);
INSERT INTO business_brand_product VALUES(12,18,7,7);
INSERT INTO business_brand_product VALUES(13,4,1,7);
INSERT INTO business_brand_product VALUES(14,4,2,7);
INSERT INTO business_brand_product VALUES(15,4,3,7);
INSERT INTO business_brand_product VALUES(16,4,4,7);
INSERT INTO business_brand_product VALUES(17,4,5,7);
INSERT INTO business_brand_product VALUES(18,4,7,7);
INSERT INTO business_brand_product VALUES(19,7,4,7);
INSERT INTO business_brand_product VALUES(20,8,4,7);
INSERT INTO business_brand_product VALUES(21,1,1,1);
INSERT INTO business_brand_product VALUES(22,1,2,1);
INSERT INTO business_brand_product VALUES(23,1,3,1);
INSERT INTO business_brand_product VALUES(24,1,4,1);
INSERT INTO business_brand_product VALUES(25,1,7,1);
INSERT INTO business_brand_product VALUES(26,2,3,2);
INSERT INTO business_brand_product VALUES(27,11,1,7);
INSERT INTO business_brand_product VALUES(28,13,5,7);
INSERT INTO business_brand_product VALUES(29,15,2,7);
INSERT INTO business_brand_product VALUES(30,15,3,7);
INSERT INTO business_brand_product VALUES(31,15,4,7);
INSERT INTO business_brand_product VALUES(32,15,7,7);
INSERT INTO business_brand_product VALUES(33,19,3,3);
INSERT INTO business_brand_product VALUES(34,20,6,8);
INSERT INTO business_brand_product VALUES(35,20,3,3);
INSERT INTO business_brand_product VALUES(36,20,5,3);
INSERT INTO business_brand_product VALUES(37,15,3,4);
INSERT INTO business_brand_product VALUES(38,15,4,4);
INSERT INTO business_brand_product VALUES(39,15,5,4);
CREATE TABLE IF NOT EXISTS "contacts" (
	`id` integer PRIMARY KEY AUTOINCREMENT NOT NULL,
	`business_id` integer NOT NULL,
	`type` text NOT NULL,
	`value` text NOT NULL,
	FOREIGN KEY (`business_id`) REFERENCES `businesses`(`id`) ON UPDATE cascade ON DELETE cascade
);
INSERT INTO contacts VALUES(1,1,'phone','+1-555-011');
INSERT INTO contacts VALUES(2,2,'phone','+1-555-012');
INSERT INTO contacts VALUES(3,3,'phone','+1-555-013');
INSERT INTO contacts VALUES(4,15,'phone','+1-555-014');
INSERT INTO contacts VALUES(5,20,'phone','+1-555-015');
INSERT INTO contacts VALUES(6,1,'email','contact1@business.com');
INSERT INTO contacts VALUES(7,2,'email','contact2@business.com');
INSERT INTO contacts VALUES(8,3,'email','contact3@business.com');
INSERT INTO contacts VALUES(9,15,'email','contact4@business.com');
INSERT INTO contacts VALUES(10,20,'email','contact5@business.com');
INSERT INTO contacts VALUES(11,1,'whatsapp','+1-555-021');
INSERT INTO contacts VALUES(12,2,'whatsapp','+1-555-022');
INSERT INTO contacts VALUES(13,3,'whatsapp','+1-555-023');
INSERT INTO contacts VALUES(14,15,'whatsapp','+1-555-024');
INSERT INTO contacts VALUES(15,20,'whatsapp','+1-555-025');
INSERT INTO contacts VALUES(16,1,'facebook','https://facebook.com/business1');
INSERT INTO contacts VALUES(17,2,'facebook','https://facebook.com/business2');
INSERT INTO contacts VALUES(18,3,'facebook','https://facebook.com/business3');
INSERT INTO contacts VALUES(19,15,'facebook','https://facebook.com/business4');
INSERT INTO contacts VALUES(20,20,'facebook','https://facebook.com/business5');
INSERT INTO contacts VALUES(21,1,'instagram','https://instagram.com/business1');
INSERT INTO contacts VALUES(22,2,'instagram','https://instagram.com/business2');
INSERT INTO contacts VALUES(23,3,'instagram','https://instagram.com/business3');
INSERT INTO contacts VALUES(24,15,'instagram','https://instagram.com/business4');
INSERT INTO contacts VALUES(25,20,'instagram','https://instagram.com/business5');
CREATE TABLE IF NOT EXISTS "product_brand" (
	`id` integer PRIMARY KEY AUTOINCREMENT NOT NULL,
	`product_id` integer NOT NULL,
	`brand_id` integer NOT NULL,
	FOREIGN KEY (`product_id`) REFERENCES `products`(`id`) ON UPDATE cascade ON DELETE cascade,
	FOREIGN KEY (`brand_id`) REFERENCES `brands`(`id`) ON UPDATE cascade ON DELETE cascade
);
INSERT INTO product_brand VALUES(1,7,1);
INSERT INTO product_brand VALUES(5,7,5);
INSERT INTO product_brand VALUES(7,7,7);
INSERT INTO product_brand VALUES(8,7,8);
INSERT INTO product_brand VALUES(10,1,1);
INSERT INTO product_brand VALUES(13,1,4);
INSERT INTO product_brand VALUES(14,1,5);
INSERT INTO product_brand VALUES(16,1,7);
INSERT INTO product_brand VALUES(19,2,1);
INSERT INTO product_brand VALUES(22,2,4);
INSERT INTO product_brand VALUES(23,2,5);
INSERT INTO product_brand VALUES(25,2,7);
INSERT INTO product_brand VALUES(28,4,1);
INSERT INTO product_brand VALUES(31,4,4);
INSERT INTO product_brand VALUES(32,4,5);
INSERT INTO product_brand VALUES(34,4,7);
INSERT INTO product_brand VALUES(35,4,8);
INSERT INTO product_brand VALUES(44,6,8);
INSERT INTO product_brand VALUES(46,3,1);
INSERT INTO product_brand VALUES(47,3,2);
INSERT INTO product_brand VALUES(48,3,3);
INSERT INTO product_brand VALUES(49,3,4);
INSERT INTO product_brand VALUES(50,3,5);
INSERT INTO product_brand VALUES(52,3,7);
INSERT INTO product_brand VALUES(53,3,8);
INSERT INTO product_brand VALUES(54,3,9);
INSERT INTO product_brand VALUES(57,5,3);
INSERT INTO product_brand VALUES(58,5,4);
INSERT INTO product_brand VALUES(59,5,5);
INSERT INTO product_brand VALUES(60,5,6);
INSERT INTO product_brand VALUES(61,5,7);
INSERT INTO product_brand VALUES(62,5,8);
CREATE TABLE IF NOT EXISTS "users" (
	`id` integer PRIMARY KEY AUTOINCREMENT NOT NULL,
	`name` text NOT NULL,
	`email` text NOT NULL,
	`password` text NOT NULL,
	`img` text,
	`role` text DEFAULT 'user',
	`type` text DEFAULT 'standard',
	`created_at` integer DEFAULT '"2025-09-15T19:37:24.391Z"'
);
INSERT INTO users VALUES(1,'Aryan','jdb@jd','$2b$10$0H9rGmY1xRL3c2FQMLD/hufVofqbAWoLsZXWUq6Hsfm58GpWym4ay','jb','user','standard',1758286833);
INSERT INTO users VALUES(2,'uewfh','ufu@und','$2b$10$/gB8I8e88a32XRVNCGD6e.TcpfsHjEiCUUVboXBj8Jdv0VF3hzDpO','wjn','user','standard',1758286850);
INSERT INTO users VALUES(3,'Aryan','admin@gmail.com','$2b$10$MO4CETy7vT2s0l5W1eG89.4utCVyPxsBCzgXMaXn1OC3w2yUV9Eu6','https://w0.peakpx.com/wallpaper/518/289/HD-wallpaper-shahrukh-khan-srk-smile-srk-smile.jpg','distributor','admin',1758287218);
INSERT INTO users VALUES(4,'Aryan 2','admin2@gmail.com','$2b$10$Pr5nADQPdJdhitM5CUjLpustEkaX4eEu2l3LKC0MJJ1LEmgb0szEu','https://encrypted-tbn1.gstatic.com/images?q=tbn:ANd9GcQXY_vVjj77e0Nl8RfrahOaLyuSkskAGS9EFSdcTv8LVK-2Cf9HMJkfkr5YbECZPWBRw23nU-wQ6hRA36tjA9Eqy-XMndj4XaePPzGLvBcu','dealer','standard',1759771084);
INSERT INTO users VALUES(5,'Aryanagain','adminadmin@gmail.com','$2b$10$hc6QgPAYkSLXkFiWxQQ1ou6iz0I283/ne.kgkw.CvouoWyDYQX8Ti','https://encrypted-tbn0.gstatic.com/images?q=tbn:ANd9GcTE27DwNExdqJaYXaf3kXFynDlR-XiBosH3FTj2Gg03vBL_BEBIJYUZukhHNQdyDGiHU5PSZSnkzVbmpvRU0qPSdrzOxFanXegyucF70A&s=10','user','standard',1765963403);
DELETE FROM sqlite_sequence;
INSERT INTO sqlite_sequence VALUES('brands',9);
INSERT INTO sqlite_sequence VALUES('businesses',20);
INSERT INTO sqlite_sequence VALUES('products',7);
INSERT INTO sqlite_sequence VALUES('brands',9);
INSERT INTO sqlite_sequence VALUES('products',7);
INSERT INTO sqlite_sequence VALUES('businesses',5);
INSERT INTO sqlite_sequence VALUES('business_brand_product',39);
INSERT INTO sqlite_sequence VALUES('contacts',25);
INSERT INTO sqlite_sequence VALUES('product_brand',63);
INSERT INTO sqlite_sequence VALUES('users',5);